Age,Income,LoanAmount,Tenure,InterestRate,NumDependents,CreditScore,PreviousDefaults,EmploymentType,Region,Default
59,26302,680585,72,18.2,1,725,2,Self-employed,Semiurban,1
49,82506,710902,12,12.44,2,378,0,Salaried,Rural,0
35,56157,272084,72,9.25,2,481,0,Salaried,Rural,0
63,69917,539536,12,9.48,2,798,2,Self-employed,Semiurban,0
28,111646,110428,72,8.58,4,370,0,Self-employed,Semiurban,0
41,98122,728100,36,16.34,4,547,0,Salaried,Urban,1
59,39519,371497,48,8.84,4,445,0,Salaried,Urban,0
39,95910,687420,48,8.88,0,595,2,Self-employed,Urban,1
43,135430,237604,12,16.86,1,881,1,Salaried,Urban,1
31,86324,590340,24,11.29,3,769,1,Self-employed,Rural,0
31,20408,150689,60,7.84,0,805,0,Salaried,Rural,0
44,74379,752436,60,8.07,1,492,0,Self-employed,Urban,0
56,40053,496636,12,9.06,1,367,1,Self-employed,Urban,1
60,146994,706031,72,9.85,2,793,1,Self-employed,Semiurban,0
44,113723,312307,24,14.82,2,351,0,Salaried,Rural,0
23,66356,353568,36,9.23,0,662,0,Salaried,Rural,0
42,25789,552754,72,8.81,2,773,1,Salaried,Urban,0
22,112720,513547,72,15.91,1,820,2,Salaried,Rural,0
44,81656,453850,12,14.88,2,730,0,Self-employed,Semiurban,0
64,59028,185870,12,12.29,4,597,0,Self-employed,Semiurban,0
50,79484,334564,60,13.54,2,734,0,Self-employed,Rural,0
58,47154,560259,12,10.93,1,497,2,Salaried,Urban,1
22,17336,694863,12,12.81,0,427,0,Salaried,Rural,0
41,118677,832518,12,13.07,3,831,2,Salaried,Semiurban,0
53,82779,341444,60,11.76,2,710,1,Self-employed,Urban,0
32,34029,926313,36,17.47,1,364,0,Salaried,Rural,1
42,74201,60749,36,7.68,3,540,3,Salaried,Urban,1
64,47265,678419,12,16.1,3,668,1,Self-employed,Urban,0
45,117916,730481,60,8.87,4,835,0,Self-employed,Semiurban,0
47,61197,964995,36,16.27,3,683,1,Salaried,Urban,0
62,140733,349631,72,14.28,1,730,1,Self-employed,Rural,0
48,86907,275019,36,16.78,1,382,0,Salaried,Urban,1
36,143876,476577,36,8.57,2,873,0,Self-employed,Urban,0
35,79435,857655,60,13.65,2,585,0,Self-employed,Rural,0
64,55631,647218,72,13.01,2,833,0,Self-employed,Semiurban,0
23,144038,719416,60,15.27,3,758,1,Salaried,Semiurban,0
57,35103,340524,12,13.38,3,511,0,Salaried,Rural,0
27,79772,862467,48,13.45,4,425,0,Salaried,Rural,0
41,141108,867052,36,12.23,2,712,1,Self-employed,Semiurban,0
29,29382,987381,48,10.9,0,798,0,Self-employed,Urban,0
59,99291,306553,60,12.8,4,724,0,Self-employed,Rural,0
38,116195,498532,60,8.8,0,853,1,Self-employed,Urban,0
24,149828,769401,60,18.08,3,842,0,Salaried,Rural,0
45,35609,429504,48,15.36,4,457,1,Salaried,Semiurban,1
34,90683,103352,60,17.98,4,411,1,Salaried,Urban,1
29,139714,474127,12,9.99,1,701,1,Self-employed,Urban,0
46,145330,213856,60,17.17,3,421,0,Self-employed,Rural,1
22,86315,53191,24,16.4,3,572,0,Salaried,Urban,1
40,92834,926968,48,14.95,4,593,0,Self-employed,Rural,0
48,141205,678864,24,14.38,3,697,3,Salaried,Semiurban,0
27,29153,245713,60,10.98,4,770,0,Self-employed,Urban,0
64,91325,492939,12,16.48,1,506,0,Self-employed,Rural,1
28,70318,53631,36,13.02,4,409,1,Salaried,Urban,1
55,146886,187244,72,8.28,3,739,1,Salaried,Rural,0
34,130033,354224,72,10.94,3,577,2,Self-employed,Rural,1
37,91077,270169,60,17.79,4,867,2,Salaried,Rural,0
56,105474,664641,12,16.86,4,868,1,Salaried,Semiurban,0
60,148515,463497,48,18.3,4,781,1,Self-employed,Urban,0
24,88319,602959,24,14.41,2,413,1,Self-employed,Semiurban,1
22,140885,697099,24,10.22,3,776,1,Self-employed,Rural,0
26,124777,756791,24,9.29,3,620,0,Salaried,Rural,0
62,32368,271972,48,9.56,2,478,0,Self-employed,Semiurban,0
24,106751,827499,72,7.72,4,518,1,Self-employed,Semiurban,1
49,42306,439878,12,11.8,1,827,0,Self-employed,Urban,0
38,52219,798321,48,9.61,4,791,1,Self-employed,Rural,0
46,75279,558679,24,12.03,4,360,1,Self-employed,Semiurban,1
64,68028,471818,60,17.78,2,353,1,Salaried,Rural,1
54,119263,794149,36,12.24,3,837,0,Self-employed,Rural,0
30,15126,887831,48,17.16,4,364,1,Self-employed,Urban,1
56,67329,728832,48,14.16,3,885,1,Salaried,Urban,0
34,42632,754590,12,10.22,0,470,0,Self-employed,Urban,0
51,124945,57099,12,11.41,3,572,0,Self-employed,Semiurban,0
35,70176,823974,48,8.42,1,834,1,Salaried,Rural,0
28,149869,468647,24,11.17,1,690,0,Self-employed,Semiurban,0
34,49560,630780,36,14.95,4,626,0,Salaried,Semiurban,0
43,91589,146722,12,8.29,3,407,1,Self-employed,Urban,1
60,37116,604399,24,9.76,4,461,1,Salaried,Rural,1
41,147717,113936,60,11.7,2,751,1,Salaried,Rural,0
36,139085,727974,12,18.3,1,505,2,Self-employed,Urban,1
38,132718,273332,24,16.13,4,889,1,Salaried,Rural,0
44,34256,775836,24,15.57,2,315,2,Salaried,Urban,1
46,115158,823319,36,8.78,4,626,0,Self-employed,Semiurban,0
45,134719,373064,36,16.09,3,301,0,Self-employed,Semiurban,1
61,83244,537510,60,16.14,3,309,0,Salaried,Urban,1
49,71264,113530,24,14.11,3,733,0,Self-employed,Semiurban,0
35,72545,479440,72,18.39,3,424,0,Salaried,Semiurban,1
21,54224,319932,24,11.08,0,380,0,Salaried,Urban,0
45,112945,602370,36,17.85,2,784,1,Self-employed,Semiurban,0
27,28224,959719,72,17.56,2,449,0,Self-employed,Rural,1
29,55738,663858,12,7.63,3,639,1,Salaried,Semiurban,0
44,78731,675303,12,12.45,0,428,0,Self-employed,Urban,0
21,23070,782176,48,18.25,3,737,0,Self-employed,Rural,0
64,141161,920020,36,8.63,0,800,2,Salaried,Rural,0
28,23666,197603,48,13.53,3,357,1,Salaried,Semiurban,1
44,72761,924772,72,18.27,1,497,1,Salaried,Rural,1
31,51368,668727,36,13.61,1,510,1,Salaried,Urban,1
37,56914,191214,60,9.59,4,344,0,Salaried,Rural,0
28,142738,689341,24,13.9,3,396,0,Salaried,Semiurban,0
55,82526,622643,60,9.75,2,578,2,Self-employed,Semiurban,1
55,34956,453082,72,13.22,4,834,1,Salaried,Rural,0
53,61240,251139,36,8.31,1,709,1,Self-employed,Urban,0
25,136008,808994,72,14.16,3,760,3,Self-employed,Urban,0
62,109270,699714,24,13.18,4,690,1,Salaried,Semiurban,0
59,19757,638315,12,15.64,3,343,2,Self-employed,Semiurban,1
61,34097,501122,12,14.44,1,326,1,Salaried,Urban,1
48,118892,209210,72,13.55,4,396,0,Self-employed,Rural,0
27,85480,142601,48,15.09,1,847,0,Salaried,Rural,0
29,61163,79956,36,9.08,0,866,3,Salaried,Rural,0
28,34816,288340,36,14.05,1,518,2,Salaried,Rural,1
32,67853,679085,12,9.39,3,484,0,Salaried,Urban,0
54,111731,961349,60,17.68,2,368,0,Self-employed,Semiurban,1
53,77823,962735,24,8.25,1,429,2,Self-employed,Semiurban,1
43,16759,519511,60,12.23,2,866,0,Self-employed,Rural,0
44,107374,710799,60,15.15,0,898,1,Self-employed,Urban,1
57,148554,878965,72,12.54,4,633,0,Self-employed,Urban,0
55,39442,471486,12,8.51,4,453,1,Salaried,Rural,1
64,108501,653103,12,13.59,2,846,1,Salaried,Rural,0
60,17079,89279,12,14.56,4,378,1,Salaried,Rural,1
42,148789,421931,72,15.24,1,878,1,Salaried,Semiurban,0
47,74676,991392,48,11.61,2,712,0,Salaried,Rural,0
55,105397,198702,60,13.7,3,845,1,Self-employed,Semiurban,0
21,87847,111063,72,12.46,1,468,2,Salaried,Urban,1
55,108607,823887,36,14.89,1,882,0,Salaried,Urban,0
57,79077,304311,24,13.92,1,814,3,Self-employed,Semiurban,0
34,53258,702184,48,13.28,3,613,1,Self-employed,Semiurban,0
23,134771,740504,36,10.24,0,331,2,Salaried,Semiurban,1
21,53000,495377,60,7.52,4,586,0,Salaried,Semiurban,0
25,41737,539934,12,9.41,2,893,0,Self-employed,Rural,0
46,26485,569089,60,8.79,0,342,0,Salaried,Urban,0
34,53565,796434,72,12.44,2,300,1,Salaried,Rural,1
59,134614,258432,24,14.23,4,872,0,Salaried,Semiurban,0
47,80155,232051,72,9.84,3,569,0,Self-employed,Rural,0
29,67487,147661,48,17.83,1,479,2,Salaried,Rural,1
35,144948,974483,48,7.57,1,817,0,Salaried,Urban,0
35,27342,993693,24,16.0,3,402,2,Self-employed,Rural,1
46,55806,747960,36,14.38,0,309,0,Self-employed,Urban,0
62,63770,502776,36,11.61,0,882,0,Self-employed,Semiurban,0
33,93623,521256,48,8.06,2,389,0,Salaried,Rural,0
52,118177,173257,48,14.4,3,525,2,Self-employed,Semiurban,1
59,146026,922637,12,11.74,0,425,1,Salaried,Urban,1
52,90629,319054,36,17.8,3,508,2,Self-employed,Semiurban,1
24,135993,883289,24,13.46,4,396,0,Salaried,Semiurban,0
50,141944,609252,36,17.84,1,373,1,Self-employed,Urban,1
57,120947,468443,12,9.93,1,490,0,Salaried,Semiurban,0
43,41399,973482,72,15.48,1,355,2,Salaried,Semiurban,1
59,143177,853585,48,14.29,3,852,1,Self-employed,Semiurban,0
35,124575,371909,48,15.63,3,331,1,Self-employed,Rural,1
63,125904,804444,12,9.86,2,826,1,Salaried,Semiurban,0
49,45678,682500,24,14.81,1,873,1,Self-employed,Urban,0
56,91218,613359,48,12.98,2,583,0,Salaried,Rural,0
33,78230,162990,60,15.67,1,793,0,Self-employed,Rural,0
52,89055,119519,48,11.1,2,486,0,Self-employed,Urban,0
27,87258,59503,60,17.29,2,797,0,Salaried,Semiurban,0
42,54986,241775,12,8.43,4,741,1,Self-employed,Rural,0
48,100595,669745,12,16.38,2,429,0,Self-employed,Rural,1
22,116358,763226,48,16.97,3,591,1,Salaried,Rural,1
62,79929,197977,36,16.49,2,413,1,Salaried,Semiurban,1
26,88506,620126,60,13.14,1,498,3,Self-employed,Rural,1
48,49911,961632,24,12.32,2,312,1,Salaried,Urban,1
48,102127,501495,48,18.46,0,570,0,Self-employed,Semiurban,1
64,128453,663777,24,10.02,1,514,0,Self-employed,Urban,0
64,99458,76806,48,13.52,0,743,1,Salaried,Urban,0
40,27175,226072,36,14.88,1,811,1,Salaried,Rural,0
50,134235,465384,36,15.21,3,746,0,Salaried,Rural,0
31,69771,120119,36,9.74,3,373,1,Salaried,Rural,1
48,142157,875146,72,14.69,3,836,1,Salaried,Urban,0
45,136300,235165,36,16.5,0,400,1,Salaried,Semiurban,1
59,101925,891851,12,8.05,4,475,0,Self-employed,Rural,0
53,81358,679720,12,17.53,1,726,0,Self-employed,Rural,0
21,62057,520641,72,7.82,3,416,2,Salaried,Urban,1
47,21150,929381,60,11.42,1,465,0,Self-employed,Semiurban,0
33,19425,521027,24,7.67,0,340,2,Self-employed,Urban,1
61,31032,969965,48,8.35,4,728,0,Self-employed,Rural,0
23,17198,457507,48,17.52,0,643,0,Self-employed,Urban,0
59,133865,752164,72,11.4,1,723,1,Salaried,Rural,0
26,38236,913403,12,12.17,4,665,1,Self-employed,Semiurban,0
28,102955,929903,48,9.87,4,419,0,Self-employed,Urban,0
47,118145,901378,12,14.07,0,528,2,Salaried,Rural,1
29,109914,935421,60,14.04,3,429,0,Salaried,Rural,0
57,117870,134080,24,11.59,1,651,1,Salaried,Rural,0
53,131243,302791,60,11.16,2,617,0,Salaried,Rural,0
62,29596,127794,72,17.23,2,636,0,Self-employed,Urban,0
64,147351,342985,36,11.72,0,572,0,Salaried,Rural,0
44,126496,174447,36,12.93,1,416,0,Self-employed,Urban,0
35,145273,170029,36,10.62,1,667,1,Self-employed,Rural,0
52,135674,229830,60,16.15,0,393,2,Salaried,Urban,1
52,135307,557942,48,11.87,1,467,1,Salaried,Urban,1
44,34063,388416,24,13.15,3,640,0,Salaried,Rural,0
61,82642,611931,36,10.29,0,451,0,Salaried,Rural,0
32,105093,356094,72,18.36,3,885,1,Salaried,Rural,1
59,50954,237921,72,10.71,1,573,1,Salaried,Rural,1
22,42856,412644,36,15.98,0,853,0,Self-employed,Semiurban,0
23,17573,733404,36,12.2,1,795,0,Self-employed,Rural,0
57,50367,548685,24,9.77,0,400,2,Self-employed,Rural,1
37,114608,437732,36,16.3,1,856,1,Self-employed,Rural,1
22,75774,590285,24,11.17,3,381,2,Salaried,Urban,1
22,38752,916183,72,17.02,3,828,1,Salaried,Rural,1
48,70029,672893,36,17.57,1,372,1,Self-employed,Urban,1
43,145282,991415,60,16.96,0,313,1,Self-employed,Urban,1
57,66693,891965,60,7.89,2,732,2,Self-employed,Urban,0
52,131739,394710,72,16.16,3,456,2,Salaried,Urban,1
53,70961,800230,24,12.02,3,431,0,Salaried,Semiurban,0
21,141678,719931,60,17.11,2,637,0,Salaried,Rural,0
39,89532,682543,24,14.52,1,703,1,Self-employed,Urban,0
22,96994,834586,60,16.67,0,675,2,Self-employed,Rural,0
64,71133,501157,60,12.99,1,858,0,Salaried,Urban,0
46,76268,108005,24,13.39,4,406,0,Salaried,Semiurban,0
52,46653,267322,48,9.09,3,564,0,Self-employed,Urban,0
26,136829,239784,60,16.12,4,504,0,Self-employed,Rural,1
52,143377,617829,36,12.11,3,378,0,Salaried,Rural,0
24,16622,73387,72,13.0,3,454,2,Self-employed,Semiurban,1
31,63756,930412,48,16.14,4,546,0,Salaried,Rural,1
37,55809,754268,24,14.09,4,830,0,Salaried,Rural,0
58,31725,135457,48,9.71,1,837,2,Self-employed,Urban,0
44,66226,194129,12,13.99,4,453,0,Self-employed,Rural,0
25,96182,638316,12,11.98,1,453,1,Self-employed,Urban,1
54,44402,693534,60,12.66,1,391,0,Salaried,Semiurban,0
26,19263,367875,60,7.81,1,732,1,Self-employed,Rural,0
42,62924,730218,36,9.81,3,637,0,Self-employed,Urban,0
31,89182,229761,72,10.59,3,779,2,Salaried,Rural,0
36,50737,618926,48,15.34,4,430,1,Salaried,Urban,1
53,116332,534814,12,7.63,3,749,1,Self-employed,Semiurban,0
29,104563,227558,60,12.0,4,572,2,Salaried,Urban,1
26,143575,594855,72,17.66,3,887,3,Salaried,Rural,0
36,116371,472955,48,8.73,0,476,2,Salaried,Urban,1
49,53709,632092,60,13.18,0,348,1,Self-employed,Rural,1
23,36172,420965,60,16.15,4,866,0,Self-employed,Semiurban,0
40,26555,53754,12,17.87,3,654,1,Salaried,Urban,0
56,68276,601332,12,15.71,3,607,1,Salaried,Rural,0
39,72492,117260,60,15.43,1,345,1,Salaried,Rural,1
46,104599,116912,24,16.59,2,601,0,Self-employed,Rural,0
23,26046,306695,60,12.41,4,707,0,Salaried,Urban,0
39,131021,582994,72,16.36,2,488,2,Salaried,Urban,1
40,19853,845326,60,7.59,2,428,1,Self-employed,Urban,1
52,135900,985541,36,17.67,4,860,1,Salaried,Semiurban,0
27,74129,396130,36,12.38,3,836,1,Self-employed,Rural,0
61,129130,918374,36,13.59,4,565,1,Self-employed,Rural,1
53,136789,756972,24,10.3,2,417,1,Self-employed,Semiurban,1
60,53890,79725,24,15.67,3,763,0,Salaried,Semiurban,0
59,81017,186998,60,8.34,0,443,1,Salaried,Urban,1
38,147596,154555,36,17.1,4,741,2,Self-employed,Urban,1
60,115424,311486,24,16.61,4,499,2,Salaried,Urban,1
21,30048,845928,12,9.88,3,456,1,Self-employed,Urban,1
31,69912,630735,60,16.4,0,786,3,Salaried,Urban,0
48,49008,938036,72,16.15,0,433,0,Self-employed,Urban,1
45,146132,735166,48,14.45,3,447,1,Self-employed,Semiurban,1
43,98559,924631,60,11.61,1,635,1,Salaried,Semiurban,0
51,70337,615609,48,10.49,4,370,0,Salaried,Semiurban,0
50,125616,827401,36,10.05,4,532,0,Salaried,Rural,0
62,28350,283103,48,11.0,2,633,2,Salaried,Rural,0
55,39354,465872,36,17.44,3,389,0,Self-employed,Urban,1
27,60186,105147,12,8.35,2,633,0,Self-employed,Semiurban,0
36,43145,665684,48,16.62,2,498,1,Salaried,Rural,1
46,101123,492882,60,11.34,0,460,1,Salaried,Rural,1
22,35581,525584,36,13.24,4,837,1,Self-employed,Semiurban,0
21,103929,350931,60,16.24,2,420,1,Salaried,Rural,1
32,38051,294839,24,17.23,0,600,1,Salaried,Rural,1
25,66474,506162,36,11.29,3,874,2,Salaried,Semiurban,0
57,106748,596015,48,12.58,2,735,2,Salaried,Rural,0
52,140995,813711,36,12.06,4,367,0,Self-employed,Semiurban,0
29,84626,145081,60,7.65,2,758,0,Self-employed,Rural,0
61,21960,434865,12,10.76,3,813,2,Salaried,Semiurban,0
55,51408,815418,36,12.55,2,697,1,Self-employed,Rural,0
39,109006,642344,48,12.02,4,585,1,Salaried,Rural,1
36,72134,708441,24,15.44,0,860,2,Salaried,Semiurban,1
23,147413,739556,72,11.73,4,439,1,Salaried,Rural,1
40,105327,742095,12,12.88,0,855,0,Self-employed,Semiurban,0
44,146410,810109,24,12.23,1,889,0,Self-employed,Semiurban,0
53,26344,130102,36,15.65,4,581,2,Self-employed,Rural,1
44,147822,206570,60,16.99,4,877,0,Self-employed,Urban,0
31,82957,651153,60,13.35,3,756,0,Self-employed,Rural,0
28,120423,737016,48,16.18,2,386,1,Salaried,Urban,1
56,73053,117695,60,10.76,0,378,1,Salaried,Urban,1
58,92454,481116,12,13.46,0,504,0,Self-employed,Rural,0
60,105600,571608,60,11.3,3,636,0,Self-employed,Urban,0
40,137732,167235,48,12.06,3,553,0,Self-employed,Semiurban,0
55,52641,490917,72,15.56,2,603,1,Salaried,Semiurban,0
45,44711,683065,36,17.2,2,679,0,Self-employed,Urban,0
55,85342,69033,36,8.84,4,429,0,Salaried,Semiurban,0
45,121896,566409,60,14.48,1,895,0,Salaried,Rural,0
49,102833,716165,24,13.9,2,575,0,Self-employed,Semiurban,0
38,71276,741211,36,8.8,3,857,0,Salaried,Urban,0
38,34541,601120,72,9.83,2,482,1,Salaried,Rural,1
22,109457,244509,60,10.92,0,567,0,Self-employed,Semiurban,0
55,59813,427869,48,9.34,1,621,0,Salaried,Rural,0
36,39070,195016,72,10.18,4,811,1,Self-employed,Urban,0
61,95559,332017,60,10.44,0,377,0,Salaried,Semiurban,0
56,56786,614660,72,11.19,0,638,0,Self-employed,Rural,0
53,51062,139464,36,15.74,1,855,0,Self-employed,Rural,0
24,66571,720739,48,13.79,4,808,1,Salaried,Semiurban,0
53,40510,167322,60,18.35,3,537,1,Self-employed,Rural,1
34,34426,742111,12,12.06,4,433,0,Salaried,Rural,0
41,52265,936514,48,15.79,2,491,1,Salaried,Urban,1
40,81150,795182,12,17.09,0,655,1,Self-employed,Urban,0
28,102312,841542,72,14.97,2,577,1,Salaried,Urban,1
27,104613,497557,24,12.03,3,317,1,Self-employed,Urban,1
23,89910,848519,48,15.79,2,823,1,Salaried,Urban,0
37,67375,466978,72,9.74,4,479,1,Salaried,Urban,1
53,136826,919049,12,11.1,2,422,1,Self-employed,Semiurban,1
32,50435,674771,36,13.51,3,545,0,Salaried,Urban,0
42,111443,573886,36,13.83,3,672,0,Salaried,Rural,0
42,149055,583884,24,7.74,3,350,0,Salaried,Semiurban,0
50,38510,284627,48,17.9,4,370,0,Salaried,Rural,1
58,109071,681827,48,15.16,3,779,2,Salaried,Urban,1
58,21640,592601,48,12.95,0,859,2,Salaried,Urban,0
28,59547,949607,72,17.76,3,318,1,Salaried,Rural,1
47,69620,771909,24,12.33,2,383,1,Salaried,Rural,1
47,130608,164914,48,18.28,2,454,1,Self-employed,Rural,1
54,22564,597993,72,13.14,2,864,0,Salaried,Semiurban,0
41,128824,772724,36,8.76,4,656,0,Salaried,Urban,0
50,94273,909877,12,15.91,2,742,3,Self-employed,Rural,0
53,89859,153892,72,14.97,4,368,0,Self-employed,Urban,0
48,125017,784005,36,16.0,4,822,0,Self-employed,Rural,0
53,138618,314167,36,17.97,3,442,0,Salaried,Urban,1
25,140341,693942,12,16.04,0,491,0,Self-employed,Semiurban,1
39,44430,240868,36,14.22,3,686,1,Self-employed,Urban,0
24,42788,130073,24,16.93,3,677,0,Salaried,Rural,0
55,84346,928629,12,14.91,4,880,0,Salaried,Urban,0
37,111122,638717,36,11.99,4,834,0,Self-employed,Semiurban,0
64,54974,154195,60,17.24,2,592,0,Self-employed,Semiurban,1
48,122309,766987,72,9.94,2,308,2,Salaried,Urban,1
50,31371,83848,36,15.36,3,570,0,Salaried,Rural,1
49,60084,982883,24,17.2,1,686,0,Salaried,Semiurban,0
26,76916,339910,48,15.54,1,392,0,Salaried,Semiurban,1
55,88972,118099,36,15.17,2,828,2,Salaried,Urban,1
61,27984,479276,48,15.78,1,453,1,Self-employed,Semiurban,1
57,48039,119122,60,12.62,2,704,2,Salaried,Semiurban,0
44,100431,721447,36,17.12,4,448,1,Salaried,Rural,1
49,98691,623156,12,9.74,3,566,0,Salaried,Rural,0
51,73606,693407,48,8.9,0,721,0,Salaried,Rural,0
55,117665,466441,60,10.64,3,771,0,Salaried,Urban,0
53,120373,931718,12,13.35,2,846,2,Self-employed,Semiurban,0
41,39574,318787,12,13.12,2,825,1,Salaried,Urban,0
52,149502,536275,12,16.53,3,802,0,Self-employed,Semiurban,0
43,47733,348871,12,11.95,2,313,0,Salaried,Semiurban,0
53,17050,978509,36,12.83,1,663,0,Self-employed,Semiurban,0
23,124996,159079,72,7.65,1,418,0,Self-employed,Rural,0
38,48933,902129,36,12.01,2,537,0,Salaried,Urban,0
45,39951,66029,36,14.63,2,845,0,Salaried,Urban,0
62,47413,296353,60,7.67,1,468,1,Salaried,Semiurban,1
51,127573,457442,60,10.59,2,821,0,Salaried,Urban,0
23,137744,244718,72,9.79,2,815,0,Salaried,Rural,0
60,104431,471947,60,7.96,3,696,1,Self-employed,Urban,0
44,58001,421602,24,12.77,0,405,1,Salaried,Semiurban,1
52,82364,946816,72,9.5,1,384,1,Salaried,Rural,1
42,139988,118926,60,15.67,3,513,0,Self-employed,Rural,1
43,60028,711357,72,16.83,0,420,0,Salaried,Semiurban,1
22,146878,367650,36,13.5,2,431,0,Self-employed,Urban,0
47,139343,914661,36,18.3,2,496,1,Salaried,Semiurban,1
62,143301,493031,72,12.46,3,318,0,Self-employed,Urban,0
22,141295,92092,24,13.15,2,311,1,Salaried,Urban,1
46,49636,374683,24,18.38,4,380,2,Self-employed,Rural,1
37,39262,202889,72,10.05,3,629,0,Self-employed,Semiurban,0
60,95435,743221,60,17.87,0,691,0,Salaried,Rural,0
53,143583,587716,48,7.97,3,606,1,Salaried,Semiurban,0
29,56844,225006,24,12.41,1,566,3,Salaried,Semiurban,1
63,79754,820915,12,8.27,3,746,0,Self-employed,Rural,0
59,92129,819727,36,15.52,2,740,1,Self-employed,Semiurban,1
49,55042,191330,72,14.19,2,301,0,Self-employed,Semiurban,0
62,76665,107775,12,15.27,4,819,1,Salaried,Urban,1
46,131953,786940,72,11.62,4,608,2,Salaried,Semiurban,0
55,133533,317613,36,11.56,4,821,1,Self-employed,Semiurban,0
45,88781,340998,36,8.0,0,768,0,Salaried,Rural,0
44,81262,711616,24,11.35,4,511,0,Self-employed,Rural,0
33,61600,829446,24,17.72,0,411,0,Salaried,Semiurban,1
27,91898,126256,12,11.67,4,307,0,Salaried,Urban,0
56,45448,411278,72,16.65,0,776,0,Self-employed,Urban,0
40,41172,707011,36,16.77,3,759,0,Salaried,Rural,0
21,22657,231360,12,11.61,3,552,0,Salaried,Semiurban,0
28,127855,396874,48,14.45,2,825,2,Salaried,Semiurban,0
36,22906,468267,12,8.55,0,737,0,Salaried,Urban,0
34,76413,339530,60,8.64,1,535,0,Salaried,Urban,0
32,69028,292634,12,8.04,2,605,0,Self-employed,Urban,0
43,22287,983688,60,13.89,3,777,2,Salaried,Rural,0
35,48660,83787,60,12.19,0,319,0,Self-employed,Semiurban,0
48,75504,595909,60,13.53,4,515,0,Salaried,Rural,0
54,117979,652272,48,13.23,1,434,1,Salaried,Semiurban,1
22,49701,503008,12,11.35,3,428,2,Self-employed,Rural,1
52,98300,488469,12,14.95,2,709,2,Self-employed,Semiurban,0
43,98560,870483,48,15.84,0,721,0,Salaried,Urban,0
42,58642,361955,36,7.66,1,593,0,Salaried,Urban,0
45,80160,80447,24,9.78,0,545,2,Self-employed,Urban,1
42,32602,178046,12,15.35,4,855,3,Self-employed,Rural,0
42,118320,789290,24,11.75,2,385,1,Self-employed,Urban,1
62,103801,566494,72,14.79,0,855,1,Self-employed,Semiurban,0
26,40931,735614,72,11.32,3,674,0,Salaried,Rural,0
35,109377,920477,48,11.8,2,745,2,Salaried,Semiurban,0
63,44192,691147,72,9.25,3,677,0,Salaried,Rural,0
57,61542,238490,72,10.34,0,689,0,Salaried,Semiurban,0
53,142015,457688,36,14.16,2,350,0,Salaried,Semiurban,0
28,57520,554409,36,12.26,3,541,0,Self-employed,Rural,0
64,79772,577759,36,16.02,4,593,0,Self-employed,Rural,1
64,65106,288404,72,16.88,4,862,1,Self-employed,Urban,0
25,96121,694600,48,13.46,0,565,2,Salaried,Urban,1
59,40559,566595,60,15.84,2,419,0,Self-employed,Semiurban,1
24,120595,801164,60,10.88,1,547,1,Salaried,Semiurban,1
26,48742,713689,24,12.06,2,369,2,Salaried,Semiurban,1
52,84669,215937,60,15.34,4,356,1,Salaried,Rural,1
50,85831,96850,60,11.75,3,681,0,Self-employed,Rural,0
55,127217,366364,36,13.97,1,338,1,Salaried,Urban,1
60,56873,293306,36,9.54,0,742,1,Salaried,Semiurban,0
36,121532,143808,72,14.1,1,317,1,Self-employed,Urban,1
33,141267,551597,24,16.98,0,651,1,Salaried,Rural,1
62,149092,711757,12,17.06,1,597,0,Self-employed,Rural,1
50,56755,278981,24,15.47,0,582,1,Salaried,Rural,1
39,100956,572220,24,15.7,0,885,1,Self-employed,Urban,1
37,101988,740885,48,13.64,1,409,2,Salaried,Rural,1
39,60648,103072,72,13.93,1,479,1,Salaried,Semiurban,1
48,140991,795466,48,8.97,0,843,0,Self-employed,Urban,0
46,130005,658108,24,12.38,4,324,1,Salaried,Rural,1
57,17396,527746,24,12.46,1,356,0,Self-employed,Urban,0
46,99082,73284,24,18.04,2,479,0,Salaried,Urban,1
43,143322,133369,60,12.24,3,531,1,Self-employed,Rural,1
29,147663,861554,48,13.54,0,642,2,Salaried,Rural,0
32,26303,966781,24,13.37,0,776,0,Salaried,Urban,0
21,86719,906985,36,14.5,3,875,1,Salaried,Urban,0
21,114616,787266,72,15.73,4,754,1,Self-employed,Rural,0
54,139165,931220,72,9.98,3,531,0,Self-employed,Semiurban,0
52,101231,637100,36,13.32,1,588,1,Self-employed,Urban,1
45,22314,320143,72,16.59,3,512,0,Self-employed,Urban,1
60,34623,334580,60,12.59,0,557,0,Self-employed,Semiurban,0
21,120228,879395,60,10.56,3,829,0,Salaried,Rural,0
36,112624,707456,12,14.7,2,528,1,Salaried,Rural,1
59,126785,573156,12,16.56,1,525,0,Salaried,Semiurban,1
25,101206,819097,12,8.19,3,895,1,Salaried,Rural,0
42,84274,468495,72,16.04,0,734,0,Salaried,Rural,0
49,148541,302164,60,16.54,1,701,0,Self-employed,Urban,0
23,68947,945331,60,12.58,0,387,2,Salaried,Urban,1
32,63874,819605,60,18.32,4,883,1,Self-employed,Urban,1
46,64708,338345,36,16.15,2,841,1,Salaried,Semiurban,0
36,89553,200787,60,16.01,4,608,1,Self-employed,Rural,1
57,83344,210381,36,15.73,2,642,0,Self-employed,Rural,0
42,64138,720438,12,9.16,3,735,0,Self-employed,Urban,0
49,62638,499830,12,9.89,1,476,1,Salaried,Urban,1
34,93249,579393,72,12.6,3,438,0,Salaried,Semiurban,0
48,120865,954098,12,10.4,2,493,0,Salaried,Rural,0
25,17719,406992,72,12.07,2,485,0,Salaried,Semiurban,0
50,57534,839271,24,17.27,2,517,1,Self-employed,Rural,1
25,107241,118920,24,16.57,0,463,1,Self-employed,Semiurban,1
32,141209,880051,48,14.43,1,460,1,Self-employed,Urban,1
36,107124,617109,72,16.94,3,824,0,Self-employed,Semiurban,0
46,106659,700024,48,16.12,3,341,0,Salaried,Semiurban,1
46,90713,980997,48,12.22,4,509,0,Self-employed,Urban,0
41,90418,591357,24,9.71,2,574,0,Salaried,Rural,0
59,143232,555659,72,13.16,2,578,1,Self-employed,Rural,1
56,46575,57531,24,15.6,2,550,1,Self-employed,Urban,1
53,78852,480267,48,12.3,3,609,0,Self-employed,Semiurban,0
50,147079,713096,72,14.83,4,439,0,Salaried,Semiurban,0
57,91242,713070,48,8.54,0,845,2,Salaried,Semiurban,0
43,44257,117155,60,15.73,1,829,0,Self-employed,Rural,0
30,76246,981479,72,16.44,0,356,1,Self-employed,Semiurban,1
25,16435,636712,72,15.28,3,411,3,Self-employed,Rural,1
56,106357,357747,48,18.14,2,304,0,Salaried,Semiurban,1
54,98807,990756,60,16.59,1,709,2,Salaried,Urban,0
51,130953,524013,36,17.43,3,713,0,Salaried,Urban,0
30,138797,182503,24,17.77,3,481,0,Self-employed,Rural,1
39,78888,779963,48,16.31,3,312,0,Salaried,Rural,1
52,88609,742841,72,14.92,1,638,0,Self-employed,Urban,0
21,24077,929005,24,7.56,1,558,1,Salaried,Urban,1
25,35953,714917,24,12.62,4,389,0,Self-employed,Semiurban,0
24,129682,415446,24,13.78,4,549,1,Self-employed,Urban,1
36,82889,705522,36,10.84,0,554,1,Salaried,Rural,1
44,130374,69675,12,11.0,1,887,2,Self-employed,Urban,0
36,39860,123997,48,18.07,1,407,0,Self-employed,Rural,1
22,92475,198087,12,17.31,1,893,4,Self-employed,Rural,0
48,102266,536799,12,16.84,4,888,1,Salaried,Semiurban,0
52,115732,569349,12,11.97,3,784,0,Self-employed,Semiurban,0
47,42083,805678,24,7.65,2,557,0,Salaried,Semiurban,0
40,72372,190905,60,8.38,4,581,1,Salaried,Semiurban,1
44,138786,320040,24,10.93,1,387,1,Self-employed,Urban,1
32,22813,476188,24,7.67,4,503,1,Salaried,Semiurban,1
55,46598,361877,72,7.69,0,315,0,Self-employed,Urban,0
53,108106,825723,72,17.58,1,450,3,Salaried,Semiurban,1
53,42082,616088,12,15.27,0,553,1,Self-employed,Semiurban,1
63,44241,146044,24,10.9,1,487,0,Salaried,Rural,0
57,26745,317491,12,8.96,4,628,3,Self-employed,Urban,0
32,41029,764423,72,13.13,3,843,1,Self-employed,Rural,0
23,138395,539066,60,7.56,2,696,1,Self-employed,Semiurban,0
21,104186,708003,48,17.82,0,816,0,Self-employed,Urban,0
53,112768,352929,12,12.06,4,758,1,Salaried,Semiurban,0
60,56846,855113,60,11.93,3,629,0,Salaried,Rural,0
30,90932,416008,48,11.8,4,468,0,Self-employed,Urban,0
63,38411,983396,36,8.26,0,665,1,Salaried,Rural,0
64,93797,883731,12,14.52,2,477,0,Self-employed,Semiurban,0
49,67307,67073,12,15.56,4,661,0,Self-employed,Semiurban,0
33,149165,938736,36,14.94,1,339,0,Salaried,Semiurban,0
32,37042,604970,36,9.02,3,715,2,Salaried,Urban,0
51,67930,803158,12,13.87,4,654,1,Self-employed,Rural,0
22,112883,802254,36,13.76,3,554,0,Salaried,Rural,0
55,48756,960734,24,17.05,1,442,0,Self-employed,Semiurban,1
43,68268,457505,48,11.67,2,876,0,Salaried,Rural,0
37,63901,165359,48,11.59,2,310,0,Salaried,Urban,0
46,114986,975431,48,14.3,1,325,2,Salaried,Semiurban,1
28,143386,116707,24,14.46,3,720,1,Salaried,Semiurban,0
49,20626,301351,36,12.66,4,520,2,Salaried,Semiurban,1
46,27857,520670,60,12.37,1,795,1,Self-employed,Urban,0
30,148052,288511,36,12.94,0,536,1,Salaried,Semiurban,1
46,41431,285718,12,16.97,3,536,0,Salaried,Semiurban,1
54,99976,639716,72,12.57,2,518,1,Self-employed,Semiurban,1
61,97711,100601,48,17.84,1,786,0,Self-employed,Semiurban,0
27,41385,445755,36,13.04,2,760,1,Self-employed,Rural,0
24,33639,545479,60,17.94,3,443,1,Salaried,Semiurban,1
31,100530,685775,12,16.66,2,488,1,Salaried,Urban,1
49,36563,728029,24,11.49,1,554,0,Self-employed,Semiurban,0
56,130672,514184,24,17.0,3,367,1,Self-employed,Semiurban,1
45,97970,463860,60,8.71,0,635,1,Self-employed,Rural,0
41,100553,461961,12,17.68,1,708,0,Self-employed,Semiurban,0
56,97879,301924,48,14.45,4,599,1,Salaried,Rural,1
30,59859,833441,36,8.1,1,656,1,Salaried,Urban,0
57,67098,864660,12,14.59,3,555,0,Salaried,Rural,0
29,137413,573394,24,18.22,1,652,0,Salaried,Semiurban,0
44,15526,299430,60,8.27,0,820,0,Salaried,Urban,0
55,83760,477737,60,13.6,0,823,2,Self-employed,Semiurban,0
55,62837,172788,36,15.73,4,583,1,Salaried,Rural,1
56,26536,671527,60,16.41,2,611,1,Self-employed,Urban,1
38,43541,601216,60,12.05,3,398,2,Self-employed,Urban,1
59,94083,330466,12,9.75,3,496,3,Self-employed,Rural,1
52,49531,500930,48,7.97,2,781,1,Salaried,Rural,0
44,23712,400040,36,13.88,0,525,0,Self-employed,Urban,0
43,119101,112292,12,12.48,0,664,1,Salaried,Urban,0
52,80455,603343,48,17.94,1,667,1,Self-employed,Rural,1
57,89744,355035,12,8.17,4,869,1,Salaried,Semiurban,0
32,144749,656200,72,15.04,4,889,0,Self-employed,Urban,0
33,20109,711948,12,7.77,4,374,0,Salaried,Rural,0
43,64268,402680,60,9.39,1,341,1,Self-employed,Semiurban,1
45,69615,318448,48,12.49,4,721,0,Self-employed,Urban,0
55,97503,581633,36,12.5,2,480,1,Self-employed,Urban,1
61,100708,210372,36,15.04,1,844,0,Self-employed,Rural,0
50,117471,991763,48,17.51,2,370,0,Salaried,Semiurban,1
37,98309,141006,60,14.53,1,867,0,Salaried,Urban,0
40,141446,982856,24,17.99,4,404,1,Salaried,Semiurban,1
45,121661,179350,12,17.2,2,499,0,Self-employed,Semiurban,1
42,21154,738725,60,13.93,2,400,0,Self-employed,Urban,0
33,79288,855878,72,16.67,2,606,0,Self-employed,Semiurban,0
39,66195,838768,48,14.57,1,885,1,Self-employed,Urban,0
56,35581,898464,12,8.36,3,676,0,Self-employed,Semiurban,0
32,45087,256487,36,15.65,4,698,0,Self-employed,Urban,0
61,84298,147852,24,8.54,2,520,0,Salaried,Rural,0
39,61167,542092,72,14.03,3,894,0,Salaried,Urban,0
32,54499,188593,36,15.23,4,481,3,Salaried,Urban,1
29,140816,777067,48,8.23,4,606,1,Salaried,Urban,0
27,111347,728841,12,10.04,2,821,3,Salaried,Semiurban,0
48,63787,330618,48,17.57,2,695,0,Salaried,Rural,0
34,50488,227832,12,14.28,1,303,3,Salaried,Semiurban,1
51,89441,892150,60,10.21,3,580,0,Salaried,Semiurban,0
39,37431,356773,24,15.1,3,514,0,Self-employed,Urban,1
36,76681,95232,60,14.06,2,719,1,Self-employed,Semiurban,0
25,137720,398688,60,13.02,4,400,0,Self-employed,Urban,0
55,64153,510385,48,18.24,2,820,1,Self-employed,Rural,1
32,21368,833301,24,15.02,4,872,1,Self-employed,Semiurban,0
45,127360,362813,12,11.63,4,608,1,Self-employed,Semiurban,0
41,127755,259093,12,16.3,2,809,2,Self-employed,Semiurban,0
56,71985,381328,72,17.23,0,362,0,Salaried,Urban,1
43,65069,753305,36,8.88,3,525,0,Salaried,Urban,0
36,67326,63140,72,9.71,4,404,2,Self-employed,Semiurban,1
59,123737,438612,72,9.88,4,724,1,Salaried,Semiurban,0
62,65861,657745,12,15.1,0,554,2,Salaried,Rural,1
59,90897,588645,48,14.13,1,728,0,Salaried,Rural,0
34,142118,573375,60,14.31,0,733,0,Salaried,Rural,0
51,83577,161672,60,17.85,0,506,1,Salaried,Rural,1
25,24078,380817,60,16.04,4,327,0,Self-employed,Rural,1
55,77768,695961,24,8.91,3,635,0,Salaried,Urban,0
43,66047,639921,12,11.32,0,887,0,Self-employed,Rural,0
49,86626,782303,48,12.29,1,368,1,Self-employed,Rural,1
63,72660,670399,24,11.86,2,812,0,Self-employed,Semiurban,0
31,147997,914690,36,14.86,0,466,2,Salaried,Urban,1
38,132832,456140,48,17.31,0,667,0,Self-employed,Rural,0
32,145406,119286,72,10.87,1,550,2,Self-employed,Rural,1
29,140150,143269,48,13.57,3,469,0,Self-employed,Rural,0
30,48320,308635,48,16.18,0,389,0,Self-employed,Semiurban,1
64,79881,124071,60,12.08,0,860,1,Salaried,Semiurban,0
37,105827,500542,48,9.35,3,745,0,Self-employed,Semiurban,0
58,117215,271095,72,12.72,1,593,1,Self-employed,Rural,1
27,149461,563317,72,8.11,0,449,0,Self-employed,Semiurban,0
33,76550,80651,12,17.87,3,431,0,Self-employed,Rural,1
60,39826,120202,48,8.32,0,732,1,Salaried,Urban,0
62,115734,98777,60,12.32,2,358,0,Self-employed,Rural,0
29,113511,198066,48,13.33,4,498,1,Self-employed,Semiurban,1
47,26653,903695,36,18.34,2,514,2,Self-employed,Urban,1
22,96941,240706,36,9.33,0,860,0,Self-employed,Rural,0
25,48662,674446,60,8.76,1,771,2,Self-employed,Urban,0
49,113818,847232,12,7.6,4,546,1,Self-employed,Urban,1
57,110081,874255,12,9.21,2,681,1,Salaried,Urban,0
58,51877,813935,72,9.78,3,538,0,Self-employed,Rural,0
39,126562,376022,72,14.44,1,666,0,Salaried,Semiurban,0
28,87715,330852,24,9.92,2,467,0,Salaried,Rural,0
21,125091,718179,60,7.73,3,859,1,Self-employed,Semiurban,0
42,147632,780265,48,16.59,0,350,0,Salaried,Rural,1
37,94148,638158,60,11.52,3,679,0,Self-employed,Rural,0
27,98186,583571,24,11.39,2,773,2,Salaried,Rural,0
45,138629,735933,72,10.83,2,379,0,Self-employed,Semiurban,0
24,85316,915139,60,18.23,0,666,0,Salaried,Rural,0
56,43380,474149,60,9.37,3,760,2,Salaried,Urban,0
26,125198,580062,72,17.38,3,838,1,Self-employed,Rural,0
51,17356,253127,24,16.04,0,751,1,Salaried,Urban,0
39,85326,192055,72,8.34,3,763,0,Salaried,Semiurban,0
64,107447,670756,12,18.35,0,777,0,Salaried,Semiurban,0
59,129994,932766,48,10.49,1,719,2,Salaried,Rural,0
47,35049,854565,72,8.58,2,513,2,Salaried,Rural,1
30,120361,982443,24,16.62,1,668,0,Self-employed,Rural,0
46,31082,575069,36,15.27,4,413,0,Salaried,Urban,1
39,15661,164586,12,14.29,4,802,1,Salaried,Semiurban,0
59,17920,499916,36,9.22,4,887,0,Self-employed,Urban,0
23,94561,339768,72,12.76,0,610,1,Self-employed,Urban,0
33,23946,581111,12,16.09,3,768,0,Self-employed,Rural,0
48,31309,592777,48,10.84,1,343,0,Salaried,Rural,0
40,70230,221033,72,10.93,1,714,0,Salaried,Urban,0
48,126822,562880,48,7.53,1,545,1,Salaried,Urban,1
28,127340,341262,60,9.42,1,383,0,Salaried,Rural,0
61,74321,150417,36,17.13,4,506,2,Self-employed,Rural,1
59,147028,131816,12,12.36,1,450,1,Self-employed,Urban,1
21,89131,727623,48,18.33,3,827,0,Salaried,Rural,0
23,40963,325709,24,11.85,4,464,1,Salaried,Rural,1
33,116757,725714,48,15.37,1,444,1,Salaried,Urban,1
48,114259,224023,24,10.6,0,336,2,Salaried,Urban,1
45,54063,927611,72,11.5,2,632,0,Self-employed,Semiurban,0
53,129225,597936,12,9.6,2,702,2,Self-employed,Urban,0
58,131400,493945,48,11.32,2,713,1,Salaried,Rural,0
26,95818,91971,48,13.52,4,344,0,Self-employed,Urban,0
64,19703,68658,12,18.41,1,701,3,Salaried,Urban,1
52,87099,71253,48,14.81,4,505,0,Salaried,Urban,0
41,46585,507382,24,9.69,3,361,1,Self-employed,Semiurban,1
36,58585,229635,48,7.99,0,719,0,Salaried,Semiurban,0
41,41958,207462,36,8.89,0,767,0,Self-employed,Rural,0
31,41017,400808,72,13.69,2,318,0,Salaried,Semiurban,0
57,139677,756938,60,15.92,2,664,0,Self-employed,Urban,0
56,44426,260097,24,17.84,2,599,0,Salaried,Semiurban,1
55,32778,678138,36,7.67,1,306,0,Self-employed,Urban,0
39,57229,712212,72,13.25,3,727,0,Salaried,Semiurban,0
40,101652,570498,12,12.68,3,416,1,Salaried,Semiurban,1
38,143267,276058,24,14.72,3,879,0,Self-employed,Semiurban,0
61,141503,707911,60,13.66,3,806,3,Salaried,Urban,0
34,99878,908379,72,15.06,2,845,1,Self-employed,Semiurban,0
35,72056,635289,60,14.74,0,624,0,Self-employed,Urban,0
51,34975,230231,12,8.79,2,354,0,Salaried,Urban,0
21,103397,172775,12,16.3,3,341,1,Salaried,Rural,1
23,48142,607531,24,8.86,2,596,0,Salaried,Semiurban,0
36,41916,727160,48,15.18,3,530,0,Salaried,Rural,1
43,79324,912371,12,12.08,4,752,2,Self-employed,Rural,0
31,140932,369972,72,13.15,0,693,1,Salaried,Urban,0
32,111059,311716,48,17.44,4,821,1,Salaried,Semiurban,0
30,113317,450455,36,17.29,1,657,1,Salaried,Urban,0
52,50046,318854,60,16.5,2,743,1,Self-employed,Urban,1
36,116459,464600,48,13.11,1,427,0,Salaried,Semiurban,0
28,60893,988542,60,15.6,2,704,0,Self-employed,Urban,0
58,116520,221918,48,13.14,4,691,1,Salaried,Semiurban,0
32,140818,269055,36,17.07,3,492,1,Self-employed,Semiurban,1
44,76272,350135,12,11.93,3,377,2,Salaried,Urban,1
48,82649,784417,36,18.17,2,384,1,Salaried,Urban,1
28,79674,450187,12,17.76,3,329,0,Self-employed,Rural,1
48,101475,472355,12,15.66,4,348,1,Salaried,Urban,1
56,76367,921877,60,10.57,3,444,1,Salaried,Semiurban,1
46,136750,258139,72,8.95,4,368,0,Salaried,Rural,0
28,133154,130257,36,16.9,1,357,0,Self-employed,Semiurban,1
48,59738,527958,48,9.32,4,873,0,Salaried,Rural,0
48,48397,874143,36,16.9,0,778,2,Self-employed,Urban,1
57,97189,56530,60,12.9,0,744,2,Self-employed,Urban,0
61,91367,323260,12,11.97,0,595,0,Self-employed,Urban,0
56,135585,640082,60,17.44,2,470,3,Salaried,Semiurban,1
47,91619,967786,24,14.14,2,874,0,Self-employed,Rural,0
37,126453,260545,24,13.84,2,446,0,Self-employed,Semiurban,0
29,34816,707258,48,13.65,4,783,0,Salaried,Rural,0
53,94530,578423,60,11.58,2,605,0,Self-employed,Urban,0
40,123856,974133,48,16.14,1,745,1,Self-employed,Semiurban,0
33,86635,421616,48,10.28,0,520,1,Salaried,Urban,1
48,122803,961579,24,17.83,4,854,1,Salaried,Semiurban,0
49,50946,528336,48,17.33,0,677,0,Self-employed,Urban,0
33,70204,825158,24,11.21,2,565,0,Salaried,Semiurban,0
55,30563,663375,12,15.52,4,394,2,Salaried,Semiurban,1
26,107324,770391,60,13.81,3,561,0,Salaried,Rural,0
38,24847,869812,48,11.21,1,370,1,Self-employed,Urban,1
25,41155,966383,24,18.37,2,518,0,Self-employed,Rural,1
45,94671,329215,36,7.78,2,832,2,Salaried,Rural,0
22,131891,70074,48,10.28,1,391,0,Self-employed,Urban,0
30,98310,796084,72,13.22,1,426,1,Salaried,Semiurban,1
50,146691,642131,12,13.24,3,379,0,Salaried,Rural,0
25,49707,89901,12,13.98,2,537,1,Salaried,Urban,1
53,96537,323349,36,15.77,2,671,0,Salaried,Semiurban,0
21,106155,961093,24,14.36,0,785,2,Salaried,Rural,0
38,15281,842338,48,14.1,4,324,1,Self-employed,Rural,1
52,147130,445807,24,8.09,4,455,0,Self-employed,Rural,0
31,91260,962008,12,11.64,0,816,1,Self-employed,Semiurban,0
41,79178,637275,24,10.05,4,829,0,Self-employed,Rural,0
46,48997,392829,12,10.42,1,356,0,Salaried,Semiurban,0
45,134273,422598,24,13.6,4,318,0,Salaried,Rural,0
42,147311,417631,36,9.69,4,683,1,Self-employed,Urban,0
47,141945,628688,60,10.73,0,492,1,Self-employed,Rural,1
33,60272,206222,36,10.11,3,536,0,Salaried,Urban,0
53,104393,81852,36,17.93,4,686,0,Salaried,Urban,0
54,76212,563012,60,17.89,4,725,0,Salaried,Urban,0
61,135030,889188,60,14.21,3,576,0,Self-employed,Semiurban,0
55,71503,427501,48,17.67,0,526,3,Salaried,Urban,1
21,21570,693340,48,16.14,3,851,1,Salaried,Rural,0
41,83785,106481,36,13.99,0,622,0,Self-employed,Semiurban,0
26,24110,837715,36,7.57,1,452,2,Self-employed,Urban,1
48,94141,83691,12,16.0,0,536,0,Self-employed,Semiurban,1
37,27115,444341,12,15.23,1,354,0,Salaried,Semiurban,1
25,54062,248137,48,14.27,1,735,1,Salaried,Semiurban,0
51,37911,600458,72,15.86,0,408,1,Self-employed,Rural,1
25,119061,582726,72,13.14,2,483,0,Salaried,Urban,0
58,47556,856527,48,15.24,0,667,0,Salaried,Semiurban,0
23,143335,721514,12,17.79,4,497,1,Salaried,Semiurban,1
43,16969,451220,12,11.63,4,670,3,Self-employed,Semiurban,0
57,58753,846184,72,15.29,2,672,1,Self-employed,Urban,0
57,136863,105426,24,12.73,1,796,1,Salaried,Semiurban,0
30,25225,289968,24,14.92,2,898,0,Salaried,Semiurban,0
30,138008,338963,12,15.89,4,500,0,Salaried,Rural,1
39,120823,545384,24,8.0,2,808,0,Salaried,Urban,0
37,28669,928483,60,14.61,0,621,0,Self-employed,Rural,0
41,139398,571121,48,9.99,2,574,1,Self-employed,Urban,1
34,125677,205289,48,14.87,1,510,0,Salaried,Urban,0
29,63320,311501,12,12.65,0,803,1,Salaried,Urban,0
21,140354,569165,36,16.01,3,417,0,Self-employed,Rural,1
33,103009,269780,72,8.86,4,853,0,Salaried,Rural,0
24,43625,345138,12,14.39,4,341,0,Self-employed,Rural,0
21,39089,720396,24,10.56,2,614,0,Salaried,Rural,0
60,51487,782635,72,16.88,0,628,2,Self-employed,Semiurban,1
52,125448,147756,36,17.71,3,316,0,Salaried,Semiurban,1
54,65138,492632,24,18.46,0,582,0,Salaried,Semiurban,1
48,69061,977091,60,16.26,4,557,1,Self-employed,Urban,1
51,116376,145665,24,15.79,0,874,0,Self-employed,Semiurban,0
28,94134,706005,60,9.87,3,873,1,Salaried,Urban,0
59,62055,212002,72,11.2,2,318,0,Salaried,Rural,0
46,34508,311691,60,12.62,1,828,0,Self-employed,Urban,0
54,125169,656123,72,16.01,0,722,3,Self-employed,Urban,1
23,23125,172232,72,17.56,1,765,2,Salaried,Semiurban,1
32,51059,997594,72,9.58,4,672,0,Salaried,Rural,0
21,118409,792849,72,17.65,2,380,1,Self-employed,Rural,1
64,20704,495358,72,15.15,2,850,0,Self-employed,Semiurban,0
25,126279,293051,24,14.22,0,847,1,Self-employed,Rural,0
50,133516,207547,72,9.7,2,723,1,Self-employed,Rural,0
50,129044,462104,24,8.11,0,728,1,Self-employed,Rural,0
37,44165,618020,72,13.75,0,687,1,Salaried,Semiurban,0
43,82203,786983,60,14.67,1,503,0,Salaried,Rural,0
35,19114,358449,72,9.82,2,495,1,Self-employed,Urban,1
57,51321,751397,36,13.62,0,584,2,Salaried,Urban,1
41,88297,583634,72,16.92,1,495,0,Salaried,Rural,1
34,111652,837019,72,16.69,3,606,0,Self-employed,Semiurban,0
22,114304,62763,60,17.7,1,313,1,Salaried,Semiurban,1
31,32772,240237,48,11.52,1,445,0,Salaried,Semiurban,0
59,118754,812841,60,11.0,0,356,0,Salaried,Rural,0
58,18712,906047,36,15.74,4,509,1,Self-employed,Rural,1
54,147439,479332,48,12.24,4,828,0,Self-employed,Urban,0
58,130142,695275,12,8.46,4,643,3,Salaried,Semiurban,0
54,106736,266823,12,10.61,1,578,0,Salaried,Urban,0
38,66924,141353,36,12.1,0,508,1,Salaried,Urban,1
50,18726,271373,60,10.72,2,634,2,Salaried,Semiurban,0
35,104152,407792,24,11.15,1,587,2,Salaried,Rural,1
47,42723,599844,36,10.73,1,551,1,Salaried,Rural,1
54,141969,895474,48,7.96,0,564,0,Self-employed,Urban,0
58,115494,592387,48,14.51,3,570,0,Salaried,Urban,0
53,50643,421233,72,14.07,1,718,2,Salaried,Urban,0
44,118896,226168,12,14.69,3,510,0,Self-employed,Urban,0
35,108680,777346,48,9.62,3,664,1,Salaried,Semiurban,0
50,111546,718590,36,10.75,4,375,1,Salaried,Urban,1
62,94973,472225,48,14.32,0,620,0,Salaried,Urban,0
37,78449,252041,36,14.1,3,732,0,Salaried,Rural,0
25,124834,83866,24,13.07,0,408,1,Self-employed,Rural,1
49,40537,155400,72,11.35,4,821,1,Salaried,Rural,0
24,92576,920678,12,17.54,0,346,0,Self-employed,Semiurban,1
30,122522,389119,48,11.24,1,678,0,Salaried,Semiurban,0
37,37612,485071,36,12.51,3,395,2,Salaried,Rural,1
30,21471,393701,60,14.96,0,402,0,Self-employed,Rural,0
37,46348,187488,12,13.47,2,445,0,Salaried,Urban,0
40,16177,646804,24,11.32,0,326,1,Self-employed,Urban,1
44,47779,236987,36,12.29,3,829,2,Self-employed,Semiurban,0
25,36636,461274,72,16.24,4,381,0,Self-employed,Semiurban,1
54,96889,483934,72,10.56,4,727,2,Salaried,Urban,0
26,68551,344746,24,9.06,3,883,0,Salaried,Rural,0
22,61819,517874,24,10.94,1,778,0,Salaried,Urban,0
33,88770,521328,72,16.84,1,461,0,Salaried,Semiurban,1
63,93714,239139,48,8.48,4,701,0,Self-employed,Semiurban,0
63,39596,208588,48,18.41,4,807,0,Salaried,Urban,0
31,79106,703583,36,13.45,3,337,1,Salaried,Urban,1
43,74182,662257,60,18.33,1,810,0,Self-employed,Urban,0
36,102163,706449,36,17.83,4,692,0,Self-employed,Semiurban,0
51,54310,255735,60,12.48,1,793,2,Salaried,Rural,0
31,71088,715847,24,9.68,4,499,0,Self-employed,Urban,0
36,143803,312299,12,9.31,0,554,1,Self-employed,Semiurban,1
28,51914,173950,36,10.14,2,478,0,Self-employed,Semiurban,0
24,125350,379638,36,15.31,0,846,0,Self-employed,Semiurban,0
60,60379,650517,60,10.5,4,893,0,Self-employed,Urban,0
24,61413,154648,24,11.26,2,688,0,Salaried,Urban,0
45,22151,88547,24,12.44,2,697,2,Salaried,Rural,0
23,72716,603083,60,17.55,4,457,1,Salaried,Semiurban,1
52,108747,236368,24,9.58,4,303,0,Salaried,Urban,0
23,136999,595735,72,7.56,1,466,1,Salaried,Semiurban,1
47,129793,741958,48,8.16,4,767,0,Salaried,Semiurban,0
49,123177,796111,72,17.45,3,708,0,Salaried,Rural,0
52,27289,306190,12,14.62,4,711,1,Self-employed,Urban,0
39,101365,256402,36,10.5,3,503,1,Salaried,Urban,1
41,129014,302419,12,9.45,4,493,0,Salaried,Semiurban,0
25,87588,804105,36,10.74,1,534,0,Salaried,Semiurban,0
38,78646,924392,48,8.76,3,449,0,Self-employed,Rural,0
48,18654,899710,24,17.86,0,458,1,Salaried,Rural,1
62,33743,629365,72,16.13,3,578,0,Salaried,Rural,1
42,63368,162782,60,12.59,1,703,1,Self-employed,Rural,0
41,134735,677220,72,17.01,3,610,0,Salaried,Rural,0
26,134891,977032,48,10.24,4,367,2,Salaried,Rural,1
21,122971,493316,12,15.39,4,762,0,Self-employed,Semiurban,0
25,27149,422013,60,16.92,1,387,1,Salaried,Rural,1
61,115102,975683,24,11.42,2,516,0,Self-employed,Semiurban,0
32,74189,360925,48,15.83,4,300,0,Salaried,Semiurban,1
46,86031,236339,60,10.75,0,434,1,Salaried,Urban,1
54,57668,525595,48,10.79,1,650,1,Salaried,Semiurban,0
34,103204,467168,48,8.68,3,439,0,Self-employed,Semiurban,0
46,52384,890230,24,12.34,3,432,0,Self-employed,Rural,0
47,96929,148696,36,15.53,0,477,1,Self-employed,Semiurban,1
29,142959,553650,60,17.84,4,657,1,Salaried,Rural,1
46,91153,100939,24,14.14,1,679,2,Salaried,Rural,0
42,90388,865948,48,16.99,0,749,0,Self-employed,Rural,0
50,46401,761886,24,16.55,4,885,2,Self-employed,Urban,0
63,134503,191521,36,9.41,1,762,0,Salaried,Rural,0
37,142834,624578,72,12.84,3,407,1,Salaried,Semiurban,1
46,49084,963120,60,8.79,1,421,1,Salaried,Rural,1
56,125641,923093,36,15.0,2,316,0,Salaried,Rural,0
21,120111,385098,12,17.95,1,495,1,Self-employed,Rural,1
28,51041,859178,60,9.01,2,626,0,Salaried,Urban,0
55,103920,642278,36,15.57,1,617,1,Salaried,Semiurban,0
35,80681,633098,48,14.45,2,778,2,Salaried,Urban,0
42,96571,692650,60,13.92,3,551,0,Salaried,Semiurban,0
34,142556,526513,60,11.79,4,802,0,Salaried,Urban,0
46,41160,196295,24,11.41,2,418,2,Salaried,Semiurban,1
48,32633,515453,48,8.0,2,797,1,Salaried,Urban,0
43,32014,707957,12,9.9,3,785,0,Self-employed,Rural,0
34,95532,771037,72,7.67,2,344,0,Self-employed,Urban,0
44,64104,314803,36,13.9,0,613,0,Self-employed,Urban,0
22,92231,136516,24,8.66,3,478,0,Salaried,Rural,0
46,83388,124567,36,17.1,0,717,1,Self-employed,Rural,1
34,31014,851469,12,13.25,3,855,0,Salaried,Semiurban,0
27,107578,176498,12,15.2,2,377,0,Salaried,Semiurban,1
23,55390,752098,60,12.02,0,625,2,Salaried,Semiurban,0
43,38711,514894,12,13.67,2,656,1,Salaried,Urban,0
63,106658,586397,36,17.87,3,715,1,Self-employed,Semiurban,1
38,72993,334154,48,8.41,2,814,0,Salaried,Urban,0
58,22421,845219,48,10.29,0,513,2,Salaried,Urban,1
55,32727,813760,60,16.08,0,373,0,Self-employed,Semiurban,1
35,127418,189544,72,8.59,2,862,1,Self-employed,Semiurban,0
45,19358,296183,36,8.33,1,878,0,Self-employed,Urban,0
57,80108,728743,36,11.48,3,808,0,Salaried,Rural,0
48,109018,373853,12,8.51,3,631,0,Self-employed,Rural,0
30,139457,513001,36,13.94,2,392,1,Salaried,Urban,1
59,46910,818613,24,9.99,1,818,0,Salaried,Semiurban,0
37,141888,84518,72,17.35,0,568,1,Self-employed,Urban,1
59,70754,103909,12,16.12,4,675,0,Self-employed,Urban,0
42,124847,854783,24,15.2,4,303,0,Self-employed,Semiurban,1
46,53467,774984,60,14.29,2,437,0,Salaried,Rural,0
64,48893,565693,48,17.0,1,530,1,Salaried,Urban,1
45,91329,589570,60,9.95,1,899,3,Salaried,Rural,0
37,46007,528082,48,17.1,3,828,0,Salaried,Rural,0
33,69253,289017,60,16.18,0,351,0,Salaried,Semiurban,1
40,27323,464994,36,15.73,1,624,1,Salaried,Urban,0
45,126335,991768,24,13.67,4,576,0,Self-employed,Urban,0
24,127356,502891,48,10.21,0,835,1,Salaried,Rural,0
30,125944,841507,12,12.16,0,785,1,Self-employed,Rural,0
23,31456,519164,24,16.23,2,815,0,Self-employed,Semiurban,0
61,46367,753814,12,7.85,1,451,1,Self-employed,Rural,1
38,69624,78365,24,16.1,2,782,0,Self-employed,Semiurban,0
56,83008,515982,24,10.14,1,558,1,Self-employed,Urban,1
42,140926,491416,60,9.09,3,623,1,Salaried,Semiurban,0
54,130395,323146,48,8.77,2,467,1,Salaried,Rural,1
28,131492,326091,48,7.8,2,609,1,Salaried,Urban,0
60,87240,260294,24,13.26,4,778,1,Salaried,Semiurban,0
64,79315,931272,36,9.9,2,355,0,Self-employed,Urban,0
39,25756,166219,36,18.38,1,772,0,Self-employed,Semiurban,0
62,51378,390754,12,13.82,4,595,1,Self-employed,Rural,1
61,140703,888574,12,9.02,2,760,1,Salaried,Rural,0
57,71549,630595,60,15.08,2,623,0,Salaried,Urban,0
26,88794,185565,24,17.38,3,440,0,Salaried,Urban,1
46,60113,829383,12,15.7,2,561,1,Salaried,Urban,1
54,89069,362229,12,8.34,0,719,3,Self-employed,Semiurban,0
26,140541,608516,72,17.35,4,540,2,Self-employed,Rural,1
57,24686,785036,24,16.23,0,654,1,Salaried,Urban,1
53,68363,474871,60,9.24,4,888,1,Salaried,Urban,0
42,112543,617760,12,8.07,3,479,0,Self-employed,Urban,0
41,146733,885869,60,13.63,2,365,0,Self-employed,Semiurban,0
26,110673,896143,48,9.22,2,647,0,Self-employed,Urban,0
26,57828,187888,60,16.68,2,470,1,Self-employed,Urban,1
24,63604,127175,36,11.44,4,773,1,Salaried,Semiurban,0
50,25526,638595,36,17.54,2,833,1,Self-employed,Semiurban,1
31,83910,358877,60,13.72,0,666,1,Self-employed,Urban,0
50,40592,964634,36,9.51,2,406,0,Self-employed,Urban,0
51,43982,145028,48,9.04,3,738,1,Self-employed,Semiurban,0
44,15207,559666,24,13.84,0,526,0,Salaried,Rural,0
29,103733,192312,36,15.88,2,743,1,Salaried,Semiurban,1
23,139982,541450,36,16.1,2,741,1,Salaried,Rural,1
51,83619,142493,60,10.53,1,695,0,Salaried,Urban,0
60,61479,175149,48,9.75,4,880,0,Salaried,Urban,0
57,96437,803704,24,7.68,0,383,0,Salaried,Rural,0
56,113540,252435,60,14.97,1,850,2,Self-employed,Semiurban,0
44,87982,213834,60,8.34,3,312,0,Self-employed,Urban,0
51,117747,320403,72,12.13,4,792,1,Self-employed,Rural,0
26,63231,231211,48,14.12,0,567,0,Self-employed,Semiurban,0
22,44301,965207,24,17.81,2,824,0,Salaried,Rural,0
40,33752,326993,48,10.93,0,419,1,Self-employed,Semiurban,1
48,113452,393912,24,10.25,2,652,0,Salaried,Semiurban,0
31,136237,418252,48,14.7,4,356,2,Self-employed,Semiurban,1
24,71273,926141,60,14.31,2,339,0,Self-employed,Semiurban,0
35,106878,367013,60,11.15,3,635,0,Self-employed,Rural,0
26,19895,963320,12,17.71,2,472,0,Salaried,Rural,1
50,134968,113095,36,16.79,3,846,1,Self-employed,Rural,0
58,130700,167886,72,9.96,4,558,2,Salaried,Rural,1
22,91559,907342,48,10.13,4,816,0,Salaried,Rural,0
35,25699,529926,72,13.14,0,822,1,Self-employed,Semiurban,0
31,24715,335711,12,16.01,3,416,1,Salaried,Urban,1
28,34169,85292,36,7.98,3,483,1,Salaried,Urban,1
46,133413,124813,48,15.13,1,415,1,Self-employed,Rural,1
64,134264,671424,24,14.63,1,461,1,Self-employed,Rural,1
25,20782,625919,36,10.05,1,878,0,Self-employed,Urban,0
26,139481,59885,60,14.99,2,842,0,Self-employed,Semiurban,0
46,50585,235378,12,17.84,1,886,0,Self-employed,Rural,0
24,45682,902746,36,8.01,3,536,0,Self-employed,Semiurban,0
39,144992,377231,36,11.02,2,365,0,Salaried,Urban,0
40,99416,472381,60,12.32,4,369,1,Self-employed,Urban,1
53,142810,510244,48,17.39,0,746,0,Self-employed,Rural,0
40,53067,932430,24,18.08,1,715,1,Salaried,Semiurban,1
32,33073,624100,60,12.39,4,831,0,Self-employed,Rural,0
21,51035,755860,24,15.75,3,740,2,Salaried,Urban,1
46,105373,522367,48,13.35,0,763,1,Self-employed,Semiurban,0
34,98362,370787,36,13.42,4,695,1,Self-employed,Rural,0
58,105517,94900,24,10.56,0,850,1,Salaried,Rural,0
57,80450,486162,12,9.89,1,856,3,Self-employed,Rural,0
31,25382,451067,12,10.67,3,694,0,Salaried,Urban,0
56,76929,852720,60,13.62,0,625,1,Self-employed,Rural,0
33,113864,122692,48,7.82,4,390,0,Self-employed,Semiurban,0
63,40169,510796,60,17.48,1,369,2,Salaried,Rural,1
23,102468,450584,60,9.22,1,465,1,Self-employed,Urban,1
53,49594,921868,72,9.92,4,513,0,Self-employed,Rural,0
26,60033,801496,60,13.2,4,634,0,Salaried,Urban,0
30,78133,96403,72,15.31,0,668,1,Self-employed,Urban,0
25,88861,665458,12,8.55,2,883,0,Salaried,Semiurban,0
43,46750,845600,12,10.99,1,348,1,Self-employed,Semiurban,1
30,55461,362023,60,18.16,0,351,1,Salaried,Rural,1
64,93222,109871,12,10.39,4,588,1,Self-employed,Urban,1
22,127020,532604,48,10.94,0,538,0,Salaried,Urban,0
33,39226,541862,72,16.7,4,432,0,Salaried,Semiurban,1
60,21721,82174,72,8.05,3,465,0,Self-employed,Semiurban,0
22,35609,805111,60,12.61,4,673,1,Self-employed,Rural,0
40,145513,273563,12,11.68,4,672,1,Salaried,Urban,0
21,119211,187653,24,10.98,4,777,0,Self-employed,Semiurban,0
57,139865,160155,72,10.64,2,778,2,Salaried,Rural,0
29,89520,383997,60,8.51,4,890,1,Self-employed,Urban,0
37,79309,900478,60,10.96,1,599,0,Self-employed,Urban,0
29,44984,361822,48,7.97,1,381,2,Salaried,Semiurban,1
31,133947,551608,36,16.09,0,386,2,Salaried,Rural,1
35,20901,863081,36,11.88,2,524,1,Self-employed,Semiurban,1
44,46055,177795,72,12.38,0,315,1,Self-employed,Rural,1
58,129099,138668,48,17.33,1,657,1,Self-employed,Urban,0
55,26138,787685,48,14.74,1,462,1,Self-employed,Rural,1
50,38429,719927,48,7.59,3,813,0,Self-employed,Rural,0
51,65200,523620,72,17.87,4,649,3,Salaried,Rural,0
25,116268,926338,36,10.11,1,763,0,Self-employed,Rural,0
64,32347,813429,48,8.68,0,674,1,Self-employed,Rural,0
34,46822,670307,12,15.95,0,391,1,Salaried,Semiurban,1
31,55108,914434,60,13.01,4,480,0,Salaried,Rural,0
29,143955,603091,60,12.27,4,600,0,Salaried,Rural,0
54,22967,723590,24,10.24,3,488,0,Self-employed,Urban,0
32,125719,723222,24,13.52,2,613,1,Salaried,Rural,0
55,26871,486571,72,10.52,0,792,0,Salaried,Urban,0
55,43179,998763,72,17.42,4,427,0,Salaried,Semiurban,1
21,70099,280147,60,9.87,0,818,1,Salaried,Semiurban,0
60,50262,605083,12,17.23,4,725,1,Self-employed,Rural,0
42,93213,557820,36,13.65,1,858,4,Self-employed,Semiurban,0
49,132407,320914,36,16.61,0,864,0,Self-employed,Rural,0
28,101269,585381,72,15.34,1,486,0,Salaried,Semiurban,1
31,75545,443409,12,15.16,0,849,3,Salaried,Rural,1
61,54922,412455,72,11.07,2,752,1,Salaried,Rural,0
57,57913,329713,36,10.07,3,770,0,Salaried,Urban,0
34,112033,847622,72,9.82,1,864,0,Salaried,Urban,0
50,119792,899256,48,16.93,4,523,0,Salaried,Urban,1
55,134863,748112,72,16.52,2,453,1,Self-employed,Urban,1
41,59936,737687,60,12.35,0,859,0,Self-employed,Rural,0
57,43141,354214,72,8.96,1,650,2,Salaried,Semiurban,0
25,112359,614485,60,11.7,0,446,0,Self-employed,Rural,0
39,138279,576549,12,14.31,0,875,2,Salaried,Urban,0
34,56568,207584,36,12.5,0,648,1,Salaried,Urban,0
46,112539,974220,24,16.08,3,481,0,Self-employed,Semiurban,1
24,61851,398939,24,18.47,3,478,2,Salaried,Urban,1
45,69823,341077,36,9.6,4,338,3,Self-employed,Rural,1
62,38312,709738,24,12.56,1,302,1,Salaried,Rural,1
45,113723,614871,72,12.24,2,363,1,Salaried,Rural,1
38,27411,424226,12,10.85,2,328,0,Self-employed,Rural,0
60,72009,921803,12,9.68,2,671,1,Salaried,Rural,0
28,47371,734393,36,8.22,0,822,0,Salaried,Semiurban,0
59,72022,467216,24,17.26,3,396,0,Salaried,Rural,1
60,86229,161032,72,12.12,1,741,1,Self-employed,Urban,0
34,114071,256940,12,12.97,0,502,1,Salaried,Urban,1
52,111774,354748,12,17.59,3,710,0,Salaried,Urban,0
58,41715,511552,48,16.04,3,320,0,Salaried,Urban,1
53,42605,931506,48,8.94,1,850,0,Self-employed,Semiurban,0
43,114853,276727,12,13.72,1,401,0,Self-employed,Urban,0
35,46174,123869,36,12.36,1,345,0,Self-employed,Semiurban,0
53,91373,841842,60,16.27,0,365,2,Self-employed,Urban,1
45,84252,919807,60,15.47,4,463,0,Self-employed,Semiurban,1
37,85017,761404,72,15.09,1,410,1,Salaried,Semiurban,1
53,78037,768675,12,11.25,4,637,0,Self-employed,Semiurban,0
22,104818,932487,12,16.35,0,422,1,Self-employed,Urban,1
34,21548,252416,12,8.08,4,746,1,Salaried,Semiurban,0
60,131981,974300,36,9.26,2,590,0,Self-employed,Rural,0
60,39022,661004,48,11.19,4,711,1,Salaried,Rural,0
